{
    "name": "Tensorflow_BoostedTreesClassifier",
    "description": "A Classifier for Tensorflow Boosted Trees models : BAD = REASON + JOB + LOAN + MORTDUE + VALUE + YOJ + DEROG + DELINQ + CLAGE + NINQ + CLNO + DEBTINC",
    "function": "classification",
    "scoreCodeType": "python",
    "trainTable": " ",
    "trainCodeType": "Python",
    "algorithm": "Boosted Tree",
    "targetVariable": "BAD",
    "targetEvent": 1,
    "targetLevel": "BINARY",
    "eventProbVar": "EM_EVENTPROBABILITY",
    "modeler": "ivnard",
    "tool": "Python 3",
    "toolVersion": "3.8.5"
}